INDIVIDUAL	POPULATION	SPECIES	TYPE	SPECIES.TYPE	ALTITUDE	LATITUDE	LONGTITUDE	PRNTM_SIZE	PRNTM_PC1	PRNTM_PC2	PRNTM_PC3	PRNTM_PC4	PRNTM_PC5	PRNTM_PC6	PRNTM_PC7	PRONOTUM_HEIGHT	SGP_SIZE	SGP_PC1	SGP_PC2	SGP_PC3	SGP_PC4	SGP_LENGTH
CAGRANKAYA_Y_01	CKY	Ph. uvarovi	ALLOPATRIC	PhuvaAllo	2226	40.6464	40.6464	286053	0.0282	-0.0374	0.0054	-0.0118	0.0064	-0.0072	-0.0198	5.341536	268115	-0.1730885	-0.01778311	0.1050676	0.006179227	8.2807776471
CAGRANKAYA_Y_02	CKY	Ph. uvarovi	ALLOPATRIC	PhuvaAllo	2226	40.6464	40.6464	275728	0.0386	-0.1230	0.0122	0.0073	-0.0133	-0.0035	0.0065	5.720197	298231	-0.2669877	0.09774678	0.04201954	-0.00327504	7.5491111765
CAGRANKAYA_Y_03	CKY	Ph. uvarovi	ALLOPATRIC	PhuvaAllo	2226	40.6464	40.6464	NA	NA	NA	NA	NA	NA	NA	NA	NA	287417	-0.02185357	0.09922936	0.0619883	0.02136695	7.4638258824
CAGRANKAYA_Y_04	CKY	Ph. uvarovi	ALLOPATRIC	PhuvaAllo	2226	40.6464	40.6464	271693	0.0411	-0.1125	-0.0106	-0.0259	-0.0107	0.0050	-0.0022	5.133035	255494	-0.2963407	0.008038503	0.0853833	-0.04618214	9.1415358824
CAGRANKAYA_Y_05	CKY	Ph. uvarovi	ALLOPATRIC	PhuvaAllo	2226	40.6464	40.6464	333664	0.0483	-0.0292	-0.0328	-0.0358	-0.0047	-0.0020	-0.0090	5.810206	303978	0.05724233	0.09332637	0.0645252	0.004732748	9.0546976471
CAGRANKAYA_Y_06	CKY	Ph. uvarovi	ALLOPATRIC	PhuvaAllo	2226	40.6464	40.6464	269419	0.0769	-0.0622	0.0023	-0.0262	-0.0091	-0.0005	-0.0108	5.31884	261596	0.1874817	-0.06789539	0.1159926	0.07064288	8.0877941176
CAGRANKAYA_Y_07	CKY	Ph. uvarovi	ALLOPATRIC	PhuvaAllo	2226	40.6464	40.6464	263990	0.0798	-0.0739	-0.0058	-0.0012	-0.0023	0.0063	-0.0075	5.223261	276859	-0.0684144	-0.04965473	0.1106758	0.005512186	8.6469188235
CAGRANKAYA_Y_08	CKY	Ph. uvarovi	ALLOPATRIC	PhuvaAllo	2226	40.6464	40.6464	256589	-0.0211	-0.1016	0.0314	0.0220	-0.0039	-0.0082	-0.0112	5.163779	323968	0.1948147	0.05358038	0.04421426	0.00472571	8.1300352941
CAGRANKAYA_Y_09	CKY	Ph. uvarovi	ALLOPATRIC	PhuvaAllo	2226	40.6464	40.6464	294420	0.0515	-0.1163	-0.0070	-0.0159	0.0212	-0.0065	0.0099	5.436158	270656	0.1814438	0.08357271	0.07912939	-0.04836411	8.9689788235
CAGRANKAYA_Y_10	CKY	Ph. uvarovi	ALLOPATRIC	PhuvaAllo	2226	40.6464	40.6464	261754	0.0424	-0.0703	0.0237	-0.0088	-0.0067	-0.0042	-0.0014	5.189532	255831	-0.08457504	-0.08252806	0.1554811	0.02081114	8.5815417647
CAGRANKAYA_Y_11	CKY	Ph. uvarovi	ALLOPATRIC	PhuvaAllo	2226	40.6464	40.6464	289713	0.0087	-0.0109	0.0048	-0.0428	-0.0177	-0.0112	-0.0024	5.221701	311834	0.137385	-0.01863299	0.03412094	-0.009112084	7.7699905882
CAGRANKAYA_Y_12	CKY	Ph. uvarovi	ALLOPATRIC	PhuvaAllo	2226	40.6464	40.6464	273754	0.0570	-0.0952	0.0138	0.0148	-0.0064	0.0055	-0.0007	5.640836	276640	-0.437105	-0.1282463	-0.01900502	0.007664131	8.4098147059
CAGRANKAYA_Y_13	CKY	Ph. uvarovi	ALLOPATRIC	PhuvaAllo	2226	40.6464	40.6464	250142	0.0129	-0.1043	0.0186	0.0115	-0.0170	-0.0089	-0.0236	5.158841	293629	-0.004152367	0.0005370971	0.09540374	0.01275545	7.46457
CAGRANKAYA_Y_14	CKY	Ph. uvarovi	ALLOPATRIC	PhuvaAllo	2226	40.6464	40.6464	274834	-0.0416	-0.1256	0.0174	0.0169	-0.0014	-0.0157	-0.0194	5.199091	262832	0.1231239	0.02524137	0.1197798	-0.03087623	7.6150911765
CAGRANKAYA_Y_15	CKY	Ph. uvarovi	ALLOPATRIC	PhuvaAllo	2226	40.6464	40.6464	328343	0.1127	-0.0178	-0.0345	-0.0335	0.0141	0.0092	-0.0184	5.980837	262273	-0.3458325	0.0134518	0.08427675	-0.0236037	7.9626305882
CAGRANKAYA_Y_16	CKY	Ph. uvarovi	ALLOPATRIC	PhuvaAllo	2226	40.6464	40.6464	226923	0.0436	-0.1474	0.0149	-0.0063	-0.0102	0.0043	0.0057	5.015524	290064	-0.2123916	-0.02340614	0.0550713	0.05283815	9.1211717647
CAGRANKAYA_Y_17	CKY	Ph. uvarovi	ALLOPATRIC	PhuvaAllo	2226	40.6464	40.6464	303452	0.0327	-0.0869	0.0340	-0.0038	-0.0046	0.0018	-0.0042	5.74398	323047	-0.2028741	0.0474233	0.03583181	0.01784664	8.1728223529
CAGRANKAYA_Y_18	CKY	Ph. uvarovi	ALLOPATRIC	PhuvaAllo	2226	40.6464	40.6464	270567	0.0262	-0.1336	0.0399	0.0137	-0.0207	-0.0005	-0.0021	5.223435	286396	0.02042254	-0.05380322	0.06920316	-0.001712222	8.1730488235
CAGRANKAYA_Y_19	CKY	Ph. uvarovi	ALLOPATRIC	PhuvaAllo	2226	40.6464	40.6464	NA	NA	NA	NA	NA	NA	NA	NA	NA	282160	-0.1870675	0.03033058	0.07141264	0.08953061	8.5821076471
ALT_CAT_01	CAT	Ph. uvarovi	ALLOPATRIC	PhuvaAllo	1246	40.9348	40.9348	233349	0.0123	-0.0111	0.0108	-0.0137	0.0137	-0.0090	0.0158	5.698291	311521	0.2766529	0.05338851	0.02628839	-0.04940857	10.2165588235
ALT_CAT_02	CAT	Ph. uvarovi	ALLOPATRIC	PhuvaAllo	1246	40.9348	40.9348	235452	-0.0693	-0.0569	-0.0004	-0.0001	0.0197	-0.0051	-0.0129	5.438774	343263	0.06479367	-0.06293918	0.09112176	-0.03223527	9.8993652941
ALT_CAT_03	CAT	Ph. uvarovi	ALLOPATRIC	PhuvaAllo	1246	40.9348	40.9348	226327	-0.0190	-0.0528	0.0159	-0.0171	0.0004	-0.0117	-0.0068	5.631638	323973	0.3147428	0.08284282	0.08293131	-0.09721476	9.5736952941
ALT_CAT_04	CAT	Ph. uvarovi	ALLOPATRIC	PhuvaAllo	1246	40.9348	40.9348	257907	0.0188	-0.0110	-0.0148	0.0155	-0.0062	-0.0146	-0.0023	5.961587	320171	0.3336762	-0.03113508	0.1653193	0.05809948	9.7943741176
ALT_CAT_05	CAT	Ph. uvarovi	ALLOPATRIC	PhuvaAllo	1246	40.9348	40.9348	253282	-0.0404	-0.0595	0.0177	0.0010	-0.0002	-0.0061	0.0057	5.855399	359109	0.3808154	0.2593968	0.1582989	0.001599292	10.6302035294
ALT_CAT_06	CAT	Ph. uvarovi	ALLOPATRIC	PhuvaAllo	1246	40.9348	40.9348	287025	-0.0618	-0.0627	0.0050	0.0128	-0.0048	0.0054	-0.0029	5.978825	388913	0.2778662	-0.06366708	0.08298401	-0.02506666	NA
ALT_CAT_07	CAT	Ph. uvarovi	ALLOPATRIC	PhuvaAllo	1246	40.9348	40.9348	255737	-0.0409	-0.0203	-0.0223	-0.0057	-0.0065	-0.0126	-0.0094	5.540577	339496	0.2867349	0.1175606	0.1527719	-0.00490462	10.1310817647
ALT_CAT_08	CAT	Ph. uvarovi	ALLOPATRIC	PhuvaAllo	1246	40.9348	40.9348	277504	0.0408	-0.0232	-0.0328	0.0185	-0.0081	-0.0010	0.0124	6.343982	325620	0.1374409	0.1350975	0.1353611	-0.0682619	9.8563764706
ALT_CAT_09	CAT	Ph. uvarovi	ALLOPATRIC	PhuvaAllo	1246	40.9348	40.9348	260613	-0.0041	-0.0360	-0.0194	0.0133	-0.0067	-0.0094	0.0014	6.224356	374716	-0.1741594	0.05233232	0.1099894	-0.03595393	9.3560941176
ALT_CAT_10	CAT	Ph. uvarovi	ALLOPATRIC	PhuvaAllo	1246	40.9348	40.9348	256117	0.0082	0.0167	0.0042	-0.0089	-0.0090	-0.0132	-0.0128	5.849773	335863	0.1611883	0.04025345	0.1192572	0.007650017	9.8107482353
ALT_CAT_11	CAT	Ph. uvarovi	ALLOPATRIC	PhuvaAllo	1246	40.9348	40.9348	241769	-0.0155	0.0087	-0.0034	-0.0050	0.0010	-0.0095	0.0027	5.82463	376235	-0.1685075	-0.1976736	0.0122061	-0.06702937	9.1412576471
ALT_CAT_12	CAT	Ph. uvarovi	ALLOPATRIC	PhuvaAllo	1246	40.9348	40.9348	246146	-0.0618	0.0181	-0.0034	-0.0134	-0.0015	0.0129	-0.0151	5.708816	361674	-0.211791	0.03909721	0.01075126	0.04739357	9.0761282353
ALT_CAT_13	CAT	Ph. uvarovi	ALLOPATRIC	PhuvaAllo	1246	40.9348	40.9348	260797	-0.0280	0.0213	-0.0160	-0.0142	-0.0177	-0.0043	0.0009	5.959538	394398	-0.0137093	0.02335332	-0.02958559	-0.007584608	10.0225188235
ALT_CAT_14	CAT	Ph. uvarovi	ALLOPATRIC	PhuvaAllo	1246	40.9348	40.9348	202371	0.0074	0.0569	0.0230	-0.0119	0.0056	-0.0109	0.0060	5.417762	359660	-0.01555195	0.003855405	-0.02103872	-0.02642901	8.9257847059
ALT_CAT_15	CAT	Ph. uvarovi	ALLOPATRIC	PhuvaAllo	1246	40.9348	40.9348	205972	-0.0533	-0.0367	-0.0072	-0.0021	-0.0077	0.0009	-0.0021	5.438094	371770	0.2394439	0.1091603	0.005569847	-0.09699024	10.1596917647
ALT_CAT_16	CAT	Ph. uvarovi	ALLOPATRIC	PhuvaAllo	1246	40.9348	40.9348	290825	0.0020	0.0029	-0.0298	-0.0061	-0.0089	-0.0052	-0.0053	6.306928	364192	0.2567298	-0.01113292	0.0845921	0.03993542	9.8742176471
ALT_CAT_17	CAT	Ph. uvarovi	ALLOPATRIC	PhuvaAllo	1246	40.9348	40.9348	279449	0.0120	-0.0193	-0.0010	-0.0011	0.0049	-0.0134	-0.0071	6.4238	313483	0.01033613	-0.04793072	-0.01814338	-0.0844925	9.3987376471
ALT_CAT_18	CAT	Ph. uvarovi	ALLOPATRIC	PhuvaAllo	1246	40.9348	40.9348	275679	-0.0276	-0.0327	-0.0253	-0.0048	0.0191	-0.0102	0.0104	6.383925	333136	0.1341768	-0.1469697	0.07731208	0.003030197	9.5103605882
ALT_CAT_19	CAT	Ph. uvarovi	ALLOPATRIC	PhuvaAllo	1246	40.9348	40.9348	257373	-0.0170	-0.0293	-0.0133	-0.0057	-0.0235	-0.0177	-0.0165	5.92172	330094	-0.02215358	0.03788219	0.003816142	-0.08846377	7.8076429412
ALT_CAT_20	CAT	Ph. uvarovi	ALLOPATRIC	PhuvaAllo	1246	40.9348	40.9348	280431	0.0132	0.0040	0.0002	0.0092	-0.0203	-0.0113	0.0009	6.386301	372383	-0.007768786	-0.03842923	0.05250333	-0.04376556	9.5923035294
KAVRON_Y_01	KAV	Ph. uvarovi	ALLOPATRIC	PhuvaAllo	1982	41.1391	41.1391	217524	-0.0778	0.0140	-0.0119	0.0124	0.0026	0.0053	-0.0069	5.08463	265733	-0.2420021	0.01573729	0.03820146	-0.01788847	8.4100623529
KAVRON_Y_02	KAV	Ph. uvarovi	ALLOPATRIC	PhuvaAllo	1982	41.1391	41.1391	264111	0.0142	0.0318	-0.0526	-0.0086	0.0014	-0.0118	0.0254	5.839319	314622	-0.1284366	-0.08967885	0.006515277	-0.01778621	8.2588517647
KAVRON_Y_03	KAV	Ph. uvarovi	ALLOPATRIC	PhuvaAllo	1982	41.1391	41.1391	262652	-0.0035	0.0602	-0.0382	0.0044	-0.0260	-0.0030	0.0035	5.915183	279592	-0.1299241	0.1352813	-0.003815876	-0.01237874	8.6261647059
KAVRON_Y_04	KAV	Ph. uvarovi	ALLOPATRIC	PhuvaAllo	1982	41.1391	41.1391	271069	-0.0211	0.0079	-0.0199	0.0026	0.0031	-0.0184	-0.0026	5.993902	292934	-0.1347547	0.009922541	-0.04489251	0.009255202	9.5068582353
KAVRON_Y_05	KAV	Ph. uvarovi	ALLOPATRIC	PhuvaAllo	1982	41.1391	41.1391	253638	-0.0715	0.0409	-0.0035	0.0233	-0.0021	0.0001	-0.0073	5.754846	310595	-0.09797398	-0.01993784	-0.02002554	0.01617673	8.7967441176
KAVRON_Y_06	KAV	Ph. uvarovi	ALLOPATRIC	PhuvaAllo	1982	41.1391	41.1391	247666	0.0096	0.0016	-0.0012	0.0119	-0.0074	-0.0062	0.0088	5.819991	295353	-0.0758075	-0.07109371	-0.0078806	0.03367859	8.7967441176
KAVRON_Y_07	KAV	Ph. uvarovi	ALLOPATRIC	PhuvaAllo	1982	41.1391	41.1391	192953	-0.0736	0.0066	0.0056	-0.0211	0.0002	0.0099	-0.0020	4.786574	270211	-0.2687724	-0.1116977	-0.04033198	-0.02151799	8.5816764706
KAVRON_Y_08	KAV	Ph. uvarovi	ALLOPATRIC	PhuvaAllo	1982	41.1391	41.1391	245067	-0.0963	0.0461	-0.0075	0.0317	-0.0134	0.0178	-0.0105	5.579835	274087	-0.1346081	0.004090947	0.06599365	-0.01367841	8.6701311765
KAVRON_Y_09	KAV	Ph. uvarovi	ALLOPATRIC	PhuvaAllo	1982	41.1391	41.1391	229342	-0.0914	-0.0078	-0.0116	-0.0161	0.0046	0.0103	-0.0066	4.892023	260625	-0.01650966	-0.1347591	0.07255168	0.01153625	8.1298076471
KAVRON_Y_10	KAV	Ph. uvarovi	ALLOPATRIC	PhuvaAllo	1982	41.1391	41.1391	237446	-0.1006	0.0001	-0.0155	0.0019	0.0039	0.0116	-0.0088	5.132447	277087	-0.1481301	-0.03702175	0.006762592	0.002780926	8.0693858824
KAVRON_Y_11	KAV	Ph. uvarovi	ALLOPATRIC	PhuvaAllo	1982	41.1391	41.1391	218822	-0.0755	0.0528	0.0195	0.0756	0.0021	0.0168	0.0137	5.453505	281294	0.05871022	-0.1103267	0.0551459	0.03890221	8.8829535294
KAVRON_Y_12	KAV	Ph. uvarovi	ALLOPATRIC	PhuvaAllo	1982	41.1391	41.1391	184818	0.0159	0.0076	0.0190	0.0119	-0.0129	-0.0044	0.0076	4.961904	269603	-0.001292459	-0.05203268	-0.03023037	-0.02975186	8.0902247059
KAVRON_Y_13	KAV	Ph. uvarovi	ALLOPATRIC	PhuvaAllo	1982	41.1391	41.1391	223599	-0.0737	-0.0074	-0.0067	-0.0004	0.0046	-0.0152	-0.0142	5.072899	244652	0.0165333	-0.06406525	0.06315396	0.002006583	7.9810829412
KAVRON_Y_14	KAV	Ph. uvarovi	ALLOPATRIC	PhuvaAllo	1982	41.1391	41.1391	269306	0.0541	0.0492	0.0048	0.0348	-0.0085	0.0021	-0.0177	5.998563	306218	-0.2610521	-0.07394944	-0.001810459	0.01559828	8.68921
KAVRON_Y_15	KAV	Ph. uvarovi	ALLOPATRIC	PhuvaAllo	1982	41.1391	41.1391	214745	-0.0338	0.0586	-0.0077	-0.0026	-0.0025	-0.0106	-0.0145	5.102891	284107	-0.2649046	-0.0639217	0.01956504	-0.04073688	8.2180888235
KAVRON_Y_16	KAV	Ph. uvarovi	ALLOPATRIC	PhuvaAllo	1982	41.1391	41.1391	182953	-0.0779	0.0397	-0.0238	-0.0031	-0.0028	0.0039	-0.0067	4.646574	244229	-0.072162	0.02716663	-0.03226874	-0.08279463	7.7644223529
KAVRON_Y_17	KAV	Ph. uvarovi	ALLOPATRIC	PhuvaAllo	1982	41.1391	41.1391	236254	-0.1063	-0.0020	0.0008	0.0061	0.0173	0.0219	-0.0055	5.366538	283321	-0.109579	-0.02125214	-0.04255687	-0.05205839	8.3677147059
KAVRON_Y_18	KAV	Ph. uvarovi	ALLOPATRIC	PhuvaAllo	1982	41.1391	41.1391	230994	-0.1018	-0.0738	-0.0102	0.0109	0.0015	0.0026	-0.0104	5.084726	327058	-0.2082694	0.07828713	-0.0745268	-0.01921829	8.9256552941
KAVRON_Y_19	KAV	Ph. uvarovi	ALLOPATRIC	PhuvaAllo	1982	41.1391	41.1391	196498	0.0017	-0.0203	0.0169	-0.0241	-0.0008	-0.0040	0.0002	5.116582	283354	-0.25984	-0.02204964	-0.0486724	-0.02863895	8.8610552941
KAVRON_Y_20	KAV	Ph. uvarovi	ALLOPATRIC	PhuvaAllo	1982	41.1391	41.1391	197682	-0.1052	-0.0240	-0.0395	-0.0241	0.0180	0.0179	-0.0070	4.703036	266576	-0.3387329	0.1102964	-0.02132434	-0.03798315	7.9147352941
SIRT_Y _01	SRY	Ph. uvarovi	ALLOPATRIC	PhuvaAllo	2346	41.2216	41.2216	217164	-0.0349	-0.0271	-0.0199	0.0037	-0.0169	-0.0061	-0.0063	5.285045	254961	-0.2048143	0.07537092	0.05779582	-0.02114814	7.8287947059
SIRT_Y _02	SRY	Ph. uvarovi	ALLOPATRIC	PhuvaAllo	2346	41.2216	41.2216	231455	0.0132	0.0485	-0.0439	0.0006	-0.0084	-0.0144	-0.0033	5.670736	283775	-0.2498364	0.07372026	-0.00654129	-0.02375131	8.6684235294
SIRT_Y _03	SRY	Ph. uvarovi	ALLOPATRIC	PhuvaAllo	2346	41.2216	41.2216	221077	-0.0613	-0.0191	-0.0200	-0.0007	0.0048	-0.0086	-0.0124	4.956613	223576	-0.1401122	-0.1190188	0.1676425	-0.05241959	NA
SIRT_Y _04	SRY	Ph. uvarovi	ALLOPATRIC	PhuvaAllo	2346	41.2216	41.2216	212829	-0.0472	-0.0610	-0.0008	0.0141	0.0122	-0.0123	0.0018	5.197866	230573	-0.1531685	0.026379	-0.02029164	0.05709434	8.4533747059
SIRT_Y _05	SRY	Ph. uvarovi	ALLOPATRIC	PhuvaAllo	2346	41.2216	41.2216	213488	-0.0269	0.0087	-0.0028	0.0157	0.0041	-0.0200	-0.0057	5.26151	270655	0.05265999	0.08836101	0.03887811	-0.01812924	7.8936670588
SIRT_Y _06	SRY	Ph. uvarovi	ALLOPATRIC	PhuvaAllo	2346	41.2216	41.2216	200239	-0.0212	0.0173	-0.0002	0.0003	-0.0138	-0.0195	-0.0089	4.964735	235857	-0.08869156	-0.0008473049	0.07967475	0.03341634	9.1836394118
SIRT_Y _07	SRY	Ph. uvarovi	ALLOPATRIC	PhuvaAllo	2346	41.2216	41.2216	234605	0.0027	0.0166	-0.0228	-0.0039	-0.0112	-0.0120	-0.0023	5.622155	276751	-0.2534782	0.04335223	0.005912122	0.03396674	8.0021517647
SIRT_Y _08	SRY	Ph. uvarovi	ALLOPATRIC	PhuvaAllo	2346	41.2216	41.2216	225721	-0.0308	-0.0482	-0.0166	-0.0241	0.0043	-0.0152	0.0015	5.091618	262505	-0.1286138	0.01212417	0.06844025	-0.01076001	8.3448805882
SIRT_Y _09	SRY	Ph. uvarovi	ALLOPATRIC	PhuvaAllo	2346	41.2216	41.2216	219076	-0.0200	0.0317	-0.0067	-0.0033	-0.0134	-0.0113	-0.0074	5.240166	274342	-0.195446	0.06272483	-0.04121696	-0.03670418	8.5818647059
SIRT_Y _10	SRY	Ph. uvarovi	ALLOPATRIC	PhuvaAllo	2346	41.2216	41.2216	256901	-0.0178	0.0395	-0.0427	0.0319	-0.0095	-0.0114	-0.0083	5.824534	262617	-0.3696827	0.1378401	-0.006639925	-0.0129175	8.7974535294
SIRT_Y _11	SRY	Ph. uvarovi	ALLOPATRIC	PhuvaAllo	2346	41.2216	41.2216	216641	-0.0060	-0.0109	0.0104	-0.0160	-0.0153	-0.0136	-0.0064	5.419522	239875	0.0396041	0.1773426	0.1835142	-0.05763856	8.3878676471
SIRT_Y _12	SRY	Ph. uvarovi	ALLOPATRIC	PhuvaAllo	2346	41.2216	41.2216	199249	-0.0148	0.0207	0.0197	0.0012	0.0046	-0.0132	-0.0033	4.995781	270118	-0.458526	-0.0185683	0.04547687	-0.02647916	NA
SIRT_Y _13	SRY	Ph. uvarovi	ALLOPATRIC	PhuvaAllo	2346	41.2216	41.2216	226900	-0.0188	0.0201	-0.0148	0.0195	0.0044	-0.0044	-0.0088	5.45123	266962	-0.2636138	0.1610418	0.02130342	0.01754119	8.5827541176
SIRT_Y _14	SRY	Ph. uvarovi	ALLOPATRIC	PhuvaAllo	2346	41.2216	41.2216	256835	-0.0566	-0.0178	-0.0211	0.0054	0.0081	-0.0116	0.0054	5.786127	294612	-0.2916552	0.1064047	0.01454553	-0.05498969	8.1514
SIRT_Y _15	SRY	Ph. uvarovi	ALLOPATRIC	PhuvaAllo	2346	41.2216	41.2216	222660	-0.0558	-0.0225	-0.0098	0.0237	0.0094	-0.0080	0.0007	5.292198	282576	0.20911	0.04348215	0.02050341	-0.01123879	9.14065
SIRT_Y _16	SRY	Ph. uvarovi	ALLOPATRIC	PhuvaAllo	2346	41.2216	41.2216	235331	0.0333	0.0256	-0.0489	-0.0102	0.0037	-0.0167	-0.0036	5.340012	261312	-0.3368867	0.0375052	-0.03366079	-0.01257569	8.1950070588
SIRT_Y _17	SRY	Ph. uvarovi	ALLOPATRIC	PhuvaAllo	2346	41.2216	41.2216	232087	-0.0218	-0.0386	-0.0066	-0.0179	-0.0041	-0.0141	0.0010	5.610621	275097	0.007855627	0.08796778	0.06014945	0.02881739	8.5173464706
SIRT_Y _18	SRY	Ph. uvarovi	ALLOPATRIC	PhuvaAllo	2346	41.2216	41.2216	249165	-0.0409	-0.0219	-0.0249	-0.0276	0.0025	-0.0166	-0.0056	5.658438	253736	-0.01155972	0.02674682	0.01970471	0.03563861	8.7551835294
SIRT_Y _19	SRY	Ph. uvarovi	ALLOPATRIC	PhuvaAllo	2346	41.2216	41.2216	216310	-0.0197	0.0076	-0.0219	0.0095	0.0146	-0.0160	-0.0006	5.244021	NA	NA	NA	NA	NA	NA
SIRT_Y _20	SRY	Ph. uvarovi	ALLOPATRIC	PhuvaAllo	2346	41.2216	41.2216	273000	-0.0865	0.0280	-0.0019	0.0061	0.0088	0.0079	0.0025	5.926298	273400	-0.4652226	0.04448564	-0.04406337	0.003667701	8.9046935294
ANZER_Y_01	ANZ	Ph. uvarovi	SYMPATRIC	PhuvaSymp	2154	40.5173	40.5173	238815	-0.0493	0.0100	-0.0419	-0.0296	0.0011	0.0128	0.0122	5.261381	312098	-0.001778411	0.07866226	0.04919502	-0.006432187	9.4859376471
ANZER_Y_02	ANZ	Ph. uvarovi	SYMPATRIC	PhuvaSymp	2154	40.5173	40.5173	235966	-0.0415	-0.0243	-0.0189	-0.0181	-0.0055	0.0053	0.0179	5.440005	299469	-0.174407	0.09324573	0.03859885	0.01848177	8.9937770588
ANZER_Y_03	ANZ	Ph. uvarovi	SYMPATRIC	PhuvaSymp	2154	40.5173	40.5173	228242	-0.0207	0.0066	0.0009	-0.0262	-0.0180	-0.0021	0.0061	5.452439	299322	-0.06996322	0.02130568	0.05875698	-0.04500538	9.0980170588
ANZER_Y_04	ANZ	Ph. uvarovi	SYMPATRIC	PhuvaSymp	2154	40.5173	40.5173	239154	-0.0487	-0.0071	0.0025	-0.0175	-0.0057	0.0062	-0.0010	5.623956	321222	-0.1406795	0.08172405	-0.001008789	-0.003962549	8.8186705882
ANZER_Y_05	ANZ	Ph. uvarovi	SYMPATRIC	PhuvaSymp	2154	40.5173	40.5173	232644	-0.0406	-0.0280	0.0053	-0.0310	-0.0153	0.0066	0.0073	5.554548	307403	0.12944	0.01218918	0.004629895	0.0217453	9.3560941176
ANZER_Y_06	ANZ	Ph. uvarovi	SYMPATRIC	PhuvaSymp	2154	40.5173	40.5173	209644	-0.1053	-0.0190	-0.0054	0.0128	0.0130	0.0255	-0.0113	4.964735	307830	-0.02324745	0.0983895	0.02760173	0.001024434	8.9698294118
ANZER_Y_07	ANZ	Ph. uvarovi	SYMPATRIC	PhuvaSymp	2154	40.5173	40.5173	222251	-0.0135	0.0185	0.0140	-0.0149	-0.0221	-0.0026	-0.0088	5.346578	291286	-0.3227686	0.1004096	-0.008528386	-0.02198384	8.7986364706
ANZER_Y_08	ANZ	Ph. uvarovi	SYMPATRIC	PhuvaSymp	2154	40.5173	40.5173	257169	-0.0094	0.0144	-0.0153	0.0031	-0.0134	-0.0026	0.0025	5.855361	314503	-0.1455007	0.0467729	-0.01671127	4.720942E-05	8.7771347059
ANZER_Y_09	ANZ	Ph. uvarovi	SYMPATRIC	PhuvaSymp	2154	40.5173	40.5173	246163	-0.0788	-0.0159	-0.0237	-0.0206	0.0061	-0.0012	-0.0170	5.053082	316697	-0.1804904	0.06860273	0.01035983	-0.008375135	9.4007064706
ANZER_Y_10	ANZ	Ph. uvarovi	SYMPATRIC	PhuvaSymp	2154	40.5173	40.5173	221060	-0.0523	-0.0186	-0.0147	-0.0278	-0.0009	0.0019	-0.0079	4.816242	287442	-0.1940613	0.1050421	-0.06293322	-0.01632111	8.7319852941
ANZER_Y_11	ANZ	Ph. uvarovi	SYMPATRIC	PhuvaSymp	2154	40.5173	40.5173	222527	0.0171	-0.0327	0.0079	-0.0125	-0.0212	0.0044	0.0034	5.431225	297346	-0.1988272	-0.01832938	0.05297651	-0.01525476	9.07674
ANZER_Y_12	ANZ	Ph. uvarovi	SYMPATRIC	PhuvaSymp	2154	40.5173	40.5173	249656	-0.0576	-0.0083	-0.0121	-0.0151	-0.0028	0.0146	0.0077	5.390801	NA	NA	NA	NA	NA	8.3949235294
ANZER_Y_13	ANZ	Ph. uvarovi	SYMPATRIC	PhuvaSymp	2154	40.5173	40.5173	237770	-0.0368	0.0124	-0.0252	-0.0422	-0.0145	0.0052	0.0052	5.367456	341844	-0.3072401	0.08925917	0.005075155	0.01296343	7.7652264706
ANZER_Y_14	ANZ	Ph. uvarovi	SYMPATRIC	PhuvaSymp	2154	40.5173	40.5173	187328	-0.0705	-0.0111	0.0264	-0.0405	-0.0104	0.0163	-0.0112	4.77358	262846	-0.2948977	0.09175034	-0.03723746	-0.05545651	7.9419229412
ANZER_Y_15	ANZ	Ph. uvarovi	SYMPATRIC	PhuvaSymp	2154	40.5173	40.5173	231171	-0.0873	-0.0269	0.0084	-0.0086	0.0024	0.0087	-0.0042	5.49536	283838	0.2275085	0.09294252	0.0007026678	-0.01661506	9.4002882353
ANZER_Y_16	ANZ	Ph. uvarovi	SYMPATRIC	PhuvaSymp	2154	40.5173	40.5173	264378	-0.0369	0.0589	-0.0121	-0.0039	-0.0108	0.0016	0.0065	5.825652	333534	-0.07248552	0.06377569	0.05163674	0.008937209	9.1471
ANZER_Y_17	ANZ	Ph. uvarovi	SYMPATRIC	PhuvaSymp	2154	40.5173	40.5173	249409	-0.0683	0.0136	-0.0151	-0.0216	-0.0166	0.0124	0.0014	5.49536	335310	-0.03355549	-0.05164254	0.05044199	-0.0440145	NA
ANZER_Y_18	ANZ	Ph. uvarovi	SYMPATRIC	PhuvaSymp	2154	40.5173	40.5173	232237	-0.0419	-0.0195	-0.0351	-0.0614	-0.0066	0.0109	0.0044	5.032005	278098	-0.1064025	-0.07662138	0.1381816	0.01989549	NA
ANZER_Y_19	ANZ	Ph. uvarovi	SYMPATRIC	PhuvaSymp	2154	40.5173	40.5173	183093	-0.0491	0.0071	0.0277	-0.0437	0.0149	0.0059	-0.0038	4.506148	287305	-0.3287688	0.04233266	0.01725412	0.02181894	7.7001129412
ANZER_Y_20	ANZ	Ph. uvarovi	SYMPATRIC	PhuvaSymp	2154	40.5173	40.5173	238119	-0.0107	0.0048	-0.0461	-0.0125	-0.0194	0.0037	0.0113	5.488875	336038	-0.2023736	0.04788449	0.06065334	0.01737754	8.9491523529
BOGALI_KOY_01	BKY	Ph. uvarovi	SYMPATRIC	PhuvaSymp	2139	40.0357	40.0357	231539	0.0458	0.0639	0.0134	0.0354	-0.0123	0.0097	0.0112	5.674915	NA	NA	NA	NA	NA	9.0198923529
BOGALI_KOY_02	BKY	Ph. uvarovi	SYMPATRIC	PhuvaSymp	2139	40.0357	40.0357	240924	-0.0551	0.0250	0.0394	0.0105	0.0010	0.0086	-0.0172	5.690651	259285	-0.1106151	0.01411199	0.1333073	0.004831039	NA
BOGALI_KOY_03	BKY	Ph. uvarovi	SYMPATRIC	PhuvaSymp	2139	40.0357	40.0357	216677	0.0177	0.0150	0.0381	-0.0306	-0.0129	-0.0011	-0.0074	5.224899	NA	NA	NA	NA	NA	8.5169388235
BOGALI_KOY_04	BKY	Ph. uvarovi	SYMPATRIC	PhuvaSymp	2139	40.0357	40.0357	236863	-0.0660	0.0349	0.0442	-0.0068	0.0087	0.0173	-0.0128	5.724392	286074	-0.226877	0.03712858	0.08369691	-0.0007025626	8.8610552941
BOGALI_KOY_05	BKY	Ph. uvarovi	SYMPATRIC	PhuvaSymp	2139	40.0357	40.0357	215706	-0.0433	0.0271	0.0246	0.0132	-0.0133	0.0004	-0.0074	5.467169	332986	-0.3772215	0.1113809	-0.01695992	-0.0002009423	8.5397464706
BOGALI_KOY_06	BKY	Ph. uvarovi	SYMPATRIC	PhuvaSymp	2139	40.0357	40.0357	264370	-0.0225	0.0548	-0.0115	0.0472	-0.0107	0.0118	0.0080	6.169479	302303	-0.3294549	0.1155066	0.06266394	0.02546333	8.6481223529
BOGALI_KOY_07	BKY	Ph. uvarovi	SYMPATRIC	PhuvaSymp	2139	40.0357	40.0357	273472	-0.0363	-0.0158	0.0130	-0.0062	0.0127	-0.0101	-0.0041	5.998855	324699	-0.1887087	0.09725245	-0.03138025	-0.04870644	9.0781664706
BOGALI_KOY_08	BKY	Ph. uvarovi	SYMPATRIC	PhuvaSymp	2139	40.0357	40.0357	242300	-0.0196	0.0180	0.0178	-0.0205	-0.0012	-0.0093	0.0029	5.613975	285261	-0.3595819	0.01701697	0.02114964	0.02675659	8.1513152941
BOGALI_KOY_09	BKY	Ph. uvarovi	SYMPATRIC	PhuvaSymp	2139	40.0357	40.0357	215284	0.0528	0.0338	0.0452	-0.0134	-0.0124	0.0158	0.0253	5.58021	311696	0.1156033	0.09048586	0.1132281	0.02800674	9.1197517647
BOGALI_KOY_10	BKY	Ph. uvarovi	SYMPATRIC	PhuvaSymp	2139	40.0357	40.0357	241714	-0.0357	-0.0011	0.0660	0.0342	0.0134	-0.0009	-0.0018	5.749637	329112	-0.3630802	0.176065	-0.0258039	-0.000995561	8.9053164706
BOGALI_KOY_11	BKY	Ph. uvarovi	SYMPATRIC	PhuvaSymp	2139	40.0357	40.0357	245764	-0.0436	0.0501	0.0250	0.0071	-0.0190	0.0275	0.0119	5.940372	317671	0.1027824	-0.02727995	0.1306514	0.04930864	NA
BOGALI_KOY_12	BKY	Ph. uvarovi	SYMPATRIC	PhuvaSymp	2139	40.0357	40.0357	235832	-0.0430	-0.0037	0.0138	-0.0178	0.0122	0.0012	0.0130	5.664465	383945	-0.0617875	0.2214995	-0.0103416	0.06270322	8.8825364706
BOGALI_KOY_13	BKY	Ph. uvarovi	SYMPATRIC	PhuvaSymp	2139	40.0357	40.0357	236431	-0.0355	0.0291	0.0134	-0.0087	-0.0068	0.0000	-0.0016	5.537134	302849	-0.1041365	0.03831433	0.117039	0.02995234	9.3344141176
BOGALI_KOY_14	BKY	Ph. uvarovi	SYMPATRIC	PhuvaSymp	2139	40.0357	40.0357	253146	-0.0176	0.0103	0.0140	-0.0090	-0.0101	0.0012	-0.0036	5.554107	284194	0.02752832	0.09096851	0.1320851	0.05935682	8.9913341176
BOGALI_KOY_15	BKY	Ph. uvarovi	SYMPATRIC	PhuvaSymp	2139	40.0357	40.0357	307929	-0.0418	0.0526	0.0298	0.0105	0.0074	-0.0057	-0.0103	6.216343	327548	-0.2217827	0.004109097	0.1190453	-0.03854363	8.7320117647
BOGALI_KOY_16	BKY	Ph. uvarovi	SYMPATRIC	PhuvaSymp	2139	40.0357	40.0357	246025	-0.0565	0.0192	0.0062	0.0168	-0.0209	-0.0016	-0.0146	5.787661	280165	0.009871506	0.1652426	0.08429347	-0.01730757	9.0331905882
BOGALI_KOY_17	BKY	Ph. uvarovi	SYMPATRIC	PhuvaSymp	2139	40.0357	40.0357	245805	-0.0662	0.0269	0.0065	0.0132	-0.0089	0.0089	0.0015	5.643369	333111	-0.05900802	0.07729813	0.03443437	0.04329842	9.3991070588
BOGALI_KOY_18	BKY	Ph. uvarovi	SYMPATRIC	PhuvaSymp	2139	40.0357	40.0357	255410	-0.0796	-0.0113	0.0174	0.0122	0.0108	0.0106	-0.0089	5.622035	297887	-0.09329188	0.08841053	0.07739878	-0.02947093	8.6491917647
BOGALI_KOY_19	BKY	Ph. uvarovi	SYMPATRIC	PhuvaSymp	2139	40.0357	40.0357	255587	-0.0057	0.0326	0.0200	-0.0123	-0.0143	-0.0038	0.0023	5.83895	311264	0.01852343	0.1520199	0.1072545	-0.0262897	9.33429
BOGALI_KOY_20	BKY	Ph. uvarovi	SYMPATRIC	PhuvaSymp	2139	40.0357	40.0357	269078	-0.0585	0.0227	0.0056	-0.0057	0.0025	0.0043	-0.0135	5.610708	328764	-0.06603449	0.1836103	0.07093918	0.0002646236	9.7224894118
OVIT_01	OVT	Ph. uvarovi	SYMPATRIC	PhuvaSymp	1857	40.7086	40.7086	245241	-0.0600	-0.0165	-0.0013	0.0340	0.0000	0.0078	-0.0053	5.487978	277287	-0.02312997	-0.06052076	0.1174215	-0.04163639	8.3455458824
OVIT_02	OVT	Ph. uvarovi	SYMPATRIC	PhuvaSymp	1857	40.7086	40.7086	253630	-0.0496	-0.0306	-0.0274	0.0161	0.0053	-0.0036	0.0002	5.47789	290506	0.0009339658	-0.02787581	0.05183472	-0.03442425	8.5175905882
OVIT_03	OVT	Ph. uvarovi	SYMPATRIC	PhuvaSymp	1857	40.7086	40.7086	279529	-0.0216	0.0025	-0.0410	-0.0086	-0.0055	-0.0048	-0.0031	5.843821	299133	0.05620471	-0.1380219	0.02917377	0.01499834	9.35691
OVIT_04	OVT	Ph. uvarovi	SYMPATRIC	PhuvaSymp	1857	40.7086	40.7086	251753	-0.0199	-0.0123	-0.0072	-0.0142	-0.0029	-0.0042	0.0027	5.786058	337594	-0.1558868	0.02578064	0.02017387	-0.02552763	9.2915747059
OVIT_05	OVT	Ph. uvarovi	SYMPATRIC	PhuvaSymp	1857	40.7086	40.7086	267726	0.0059	-0.0176	-0.0115	-0.0078	-0.0079	-0.0043	0.0010	5.818157	349948	0.3436787	0.06173851	0.09469673	-0.0407148	10.08704
OVIT_06	OVT	Ph. uvarovi	SYMPATRIC	PhuvaSymp	1857	40.7086	40.7086	226155	-0.0345	-0.0527	-0.0118	0.0021	-0.0156	-0.0041	0.0009	5.196203	300465	0.1274941	0.05235689	-0.06006228	-0.01322134	8.4955135294
OVIT_07	OVT	Ph. uvarovi	SYMPATRIC	PhuvaSymp	1857	40.7086	40.7086	240863	0.0306	-0.0349	-0.0033	-0.0117	-0.0242	0.0010	0.0063	5.803886	304014	0.0605917	-0.0019375	-0.003114007	-0.008005763	8.6251188235
OVIT_08	OVT	Ph. uvarovi	SYMPATRIC	PhuvaSymp	1857	40.7086	40.7086	241358	-0.0518	-0.0113	-0.0076	0.0087	0.0024	0.0002	-0.0052	5.471036	280651	-0.06238304	0.06264154	-0.01646203	-0.0197168	8.7322235294
OVIT_09	OVT	Ph. uvarovi	SYMPATRIC	PhuvaSymp	1857	40.7086	40.7086	242017	-0.0275	-0.0094	-0.0284	-0.0053	-0.0137	0.0015	0.0120	5.487978	230788	0.05690621	-0.1784296	-0.01666396	-0.1258905	7.7652264706
OVIT_10	OVT	Ph. uvarovi	SYMPATRIC	PhuvaSymp	1857	40.7086	40.7086	249163	0.0119	0.0038	-0.0206	-0.0024	-0.0140	-0.0091	0.0139	5.787231	299771	-0.182349	-0.000628067	0.02524413	0.008888807	8.5222323529
OVIT_11	OVT	Ph. uvarovi	SYMPATRIC	PhuvaSymp	1857	40.7086	40.7086	259817	-0.0076	0.0076	-0.0020	0.0094	-0.0057	-0.0040	0.0127	5.805248	293896	-0.1007177	-0.0359262	-0.004276432	0.0376293	8.8842029412
OVIT_12	OVT	Ph. uvarovi	SYMPATRIC	PhuvaSymp	1857	40.7086	40.7086	221539	-0.0346	0.0005	0.0043	0.0002	-0.0010	-0.0020	0.0135	5.380914	298065	-0.3050083	-0.04623978	-0.0644767	-0.01591936	8.6911264706
OVIT_13	OVT	Ph. uvarovi	SYMPATRIC	PhuvaSymp	1857	40.7086	40.7086	245211	-0.0391	0.0581	-0.0268	0.0401	-0.0028	0.0100	-0.0042	5.419624	310041	-0.1475904	-0.02912245	0.057461	0.02730466	9.0762047059
OVIT_14	OVT	Ph. uvarovi	SYMPATRIC	PhuvaSymp	1857	40.7086	40.7086	255388	-0.0781	-0.0082	-0.0039	0.0189	-0.0003	0.0038	-0.0160	5.650924	365554	-0.21008	0.06518433	-0.04141567	-0.01945232	9.14065
OVIT_15	OVT	Ph. uvarovi	SYMPATRIC	PhuvaSymp	1857	40.7086	40.7086	223421	-0.0603	0.0460	-0.0175	0.0007	-0.0159	0.0146	0.0030	5.303804	272264	-0.0675057	-0.01886523	0.06059058	-0.04916349	8.3235958824
OVIT_16	OVT	Ph. uvarovi	SYMPATRIC	PhuvaSymp	1857	40.7086	40.7086	296852	-0.0359	-0.0187	-0.0159	-0.0081	-0.0018	0.0040	0.0147	6.192867	318691	0.09328642	0.07679244	0.08647515	-0.0154169	9.3559211765
OVIT_17	OVT	Ph. uvarovi	SYMPATRIC	PhuvaSymp	1857	40.7086	40.7086	250585	-0.0517	-0.0304	-0.0026	-0.0008	0.0269	-0.0041	-0.0011	5.381053	262738	-0.2876843	0.01683311	-0.04682021	-0.02925924	8.4524988235
OVIT_18	OVT	Ph. uvarovi	SYMPATRIC	PhuvaSymp	1857	40.7086	40.7086	228174	0.0465	0.0258	-0.0436	0.0149	-0.0056	0.0008	-0.0064	5.628568	305051	-0.08649644	-0.04632495	-0.01048258	0.04653208	8.5169388235
OVIT_19	OVT	Ph. uvarovi	SYMPATRIC	PhuvaSymp	1857	40.7086	40.7086	223627	-0.0363	0.0206	-0.0159	0.0058	-0.0149	0.0032	0.0072	5.400511	290129	-0.0621367	0.02294053	0.02842074	0.001533432	8.5601694118
OVIT_20	OVT	Ph. uvarovi	SYMPATRIC	PhuvaSymp	1857	40.7086	40.7086	254460	-0.0421	0.0149	0.0256	-0.0039	0.0090	-0.0036	0.0032	5.882867	335931	0.2454515	-0.0437186	0.009522218	0.00478072	9.54987
CAYMAKCUR_001	CAY	Ph. artvinensis	ALLOPATRIC	PhartAllo	1996	41.1643	41.1643	309420	0.0376	0.0613	0.0054	0.0047	-0.0025	-0.0149	0.0021	6.518928	348191	0.1353993	-0.08978444	-0.00786081	-0.04423585	10.1305341176
CAYMAKCUR_002	CAY	Ph. artvinensis	ALLOPATRIC	PhartAllo	1996	41.1643	41.1643	266040	-0.0078	0.0101	-0.0116	0.0073	-0.0042	-0.0171	0.0041	5.979205	380518	-0.02496037	-0.06505283	-0.02103824	-0.02001047	9.4644329412
CAYMAKCUR_003	CAY	Ph. artvinensis	ALLOPATRIC	PhartAllo	1996	41.1643	41.1643	283471	0.0591	0.0314	-0.0011	-0.0043	0.0093	-0.0113	0.0125	6.519152	380165	0.3033954	-0.08625661	-0.01076408	-0.01789005	9.8297070588
CAYMAKCUR_004	CAY	Ph. artvinensis	ALLOPATRIC	PhartAllo	1996	41.1643	41.1643	285176	0.0144	0.0567	-0.0346	0.0342	-0.0042	-0.0050	-0.0024	6.224356	401491	-0.1025672	-0.05407868	0.01068435	0.01618766	9.2497623529
CAYMAKCUR_005	CAY	Ph. artvinensis	ALLOPATRIC	PhartAllo	1996	41.1643	41.1643	246094	0.0394	0.0758	0.0333	-0.0036	-0.0086	-0.0059	0.0035	5.961493	380246	0.2592161	-0.02671657	-0.01221356	0.03327607	10.0307535294
CAYMAKCUR_006	CAY	Ph. artvinensis	ALLOPATRIC	PhartAllo	1996	41.1643	41.1643	326636	0.0533	0.0380	0.0075	0.0221	-0.0075	-0.0011	-0.0098	6.917686	413250	0.144086	-0.09575971	0.05509025	-0.01019813	9.3780935294
CAYMAKCUR_007	CAY	Ph. artvinensis	ALLOPATRIC	PhartAllo	1996	41.1643	41.1643	259854	-0.0489	0.0277	0.0314	0.0042	0.0130	-0.0088	-0.0016	6.01386	440391	0.03108073	-0.01362469	-0.09991763	0.07528435	10.0225188235
CAYMAKCUR_008	CAY	Ph. artvinensis	ALLOPATRIC	PhartAllo	1996	41.1643	41.1643	274452	0.0072	0.0456	0.0068	0.0048	-0.0198	-0.0028	0.0116	6.187307	351193	-0.001139924	-0.009650741	-0.05441388	-0.02308537	9.5494823529
CAYMAKCUR_009	CAY	Ph. artvinensis	ALLOPATRIC	PhartAllo	1996	41.1643	41.1643	237555	-0.0149	0.0630	0.0063	0.0135	-0.0069	-0.0164	-0.0119	5.608374	333291	-0.09457547	0.04015884	-0.01048135	0.008724449	8.5186494118
CAYMAKCUR_010	CAY	Ph. artvinensis	ALLOPATRIC	PhartAllo	1996	41.1643	41.1643	242089	-0.0160	0.0384	0.0479	0.0480	-0.0049	-0.0083	-0.0042	5.607775	355008	-0.1649315	0.07335615	-0.06802943	0.01489201	10.2160152941
CAYMAKCUR_011	CAY	Ph. artvinensis	ALLOPATRIC	PhartAllo	1996	41.1643	41.1643	265351	0.0374	-0.0106	0.0068	0.0208	-0.0035	-0.0076	0.0080	6.086152	355190	-0.07028848	-0.04474961	-0.04674289	-0.0002743336	9.5923035294
CAYMAKCUR_012	CAY	Ph. artvinensis	ALLOPATRIC	PhartAllo	1996	41.1643	41.1643	257944	0.1015	0.0294	0.0025	0.0167	-0.0057	0.0199	-0.0063	6.171683	375950	0.02597613	-0.01869517	-0.04172326	-0.03187237	9.2912011765
CAYMAKCUR_013	CAY	Ph. artvinensis	ALLOPATRIC	PhartAllo	1996	41.1643	41.1643	308845	-0.0085	0.0269	0.0187	-0.0097	0.0206	-0.0235	-0.0025	6.400453	463733	-0.2133598	0.0730724	-0.02133555	-0.01966332	9.8724605882
CAYMAKCUR_014	CAY	Ph. artvinensis	ALLOPATRIC	PhartAllo	1996	41.1643	41.1643	230324	0.0495	0.0324	0.0186	0.0105	-0.0269	0.0058	0.0002	5.786017	367796	0.1880527	-0.02728501	-0.05196662	0.005228722	9.2493870588
CAYMAKCUR_015	CAY	Ph. artvinensis	ALLOPATRIC	PhartAllo	1996	41.1643	41.1643	217496	-0.0090	0.0447	0.0129	-0.0285	0.0019	0.0007	-0.0018	5.119791	374665	0.01896278	-0.1015891	-0.01938414	-0.04538908	9.2286847059
CAYMAKCUR_016	CAY	Ph. artvinensis	ALLOPATRIC	PhartAllo	1996	41.1643	41.1643	217874	0.0966	0.0982	0.0583	0.0095	0.0146	0.0147	0.0339	5.680758	384254	-0.4759975	-0.08937092	0.005850069	0.0711903	8.4766258824
CAYMAKCUR_017	CAY	Ph. artvinensis	ALLOPATRIC	PhartAllo	1996	41.1643	41.1643	253637	-0.0760	0.0382	0.0020	0.0097	-0.0016	-0.0016	-0.0095	5.804125	330770	0.02686972	-0.1260966	0.009609988	-0.04043032	9.1191176471
CAYMAKCUR_018	CAY	Ph. artvinensis	ALLOPATRIC	PhartAllo	1996	41.1643	41.1643	259891	-0.0348	0.0228	-0.0128	-0.0173	-0.0075	-0.0095	0.0031	5.850034	368804	0.05410018	-0.07803294	-0.01894698	0.02699457	9.4441770588
CAYMAKCUR_019	CAY	Ph. artvinensis	ALLOPATRIC	PhartAllo	1996	41.1643	41.1643	256784	0.0750	0.0450	0.0262	-0.0104	-0.0149	-0.0036	-0.0204	6.088962	366699	-0.4469872	0.01860504	-0.1320412	-0.02195139	8.8399405882
CAYMAKCUR_020	CAY	Ph. artvinensis	ALLOPATRIC	PhartAllo	1996	41.1643	41.1643	221504	-0.0486	0.0246	-0.0114	0.0050	0.0012	-0.0043	0.0034	5.435267	345332	-0.07851688	0.002963315	-0.000180684	-0.003302439	8.8825629412
NAPOPEN_Y_01	NAP	Ph. artvinensis	ALLOPATRIC	PhartAllo	2171	41.3541	41.3541	272361	0.1051	0.0178	-0.0180	0.0098	-0.0069	0.0017	-0.0304	6.267532	396374	0.01894766	-0.04434971	-0.130577	-0.06053702	9.5277570588
NAPOPEN_Y_02	NAP	Ph. artvinensis	ALLOPATRIC	PhartAllo	2171	41.3541	41.3541	321578	0.0465	-0.0055	-0.0183	-0.0017	0.0173	-0.0157	0.0009	6.55823	358719	0.4652445	-0.2008658	0.04176817	0.007485566	9.7892482353
NAPOPEN_Y_03	NAP	Ph. artvinensis	ALLOPATRIC	PhartAllo	2171	41.3541	41.3541	315538	0.0522	0.0489	-0.0210	0.0065	0.0155	-0.0207	0.0085	6.645075	382833	0.3623911	-0.120466	0.0003669285	-0.02430898	9.4638464706
NAPOPEN_Y_04	NAP	Ph. artvinensis	ALLOPATRIC	PhartAllo	2171	41.3541	41.3541	364121	0.1155	0.0119	-0.0566	0.0019	0.0326	0.0101	-0.0097	7.28465	NA	NA	NA	NA	NA	NA
NAPOPEN_Y_05	NAP	Ph. artvinensis	ALLOPATRIC	PhartAllo	2171	41.3541	41.3541	312961	0.0251	0.0339	-0.0327	-0.0039	-0.0067	-0.0137	-0.0099	6.328183	394028	0.3944848	-0.03859138	-0.04739107	-0.04983335	10.2378611765
NAPOPEN_Y_06	NAP	Ph. artvinensis	ALLOPATRIC	PhartAllo	2171	41.3541	41.3541	301318	0.0725	0.0285	-0.0272	0.0046	-0.0074	-0.0032	-0.0107	6.55103	390749	-0.1155983	0.07181752	-0.01754688	-0.06388323	9.5277817647
NAPOPEN_Y_07	NAP	Ph. artvinensis	ALLOPATRIC	PhartAllo	2171	41.3541	41.3541	323454	0.1187	0.0352	-0.0242	0.0359	0.0404	0.0098	-0.0087	7.136324	376123	0.3382975	-0.1539572	0.04585849	-0.08183026	9.7429258824
NAPOPEN_Y_08	NAP	Ph. artvinensis	ALLOPATRIC	PhartAllo	2171	41.3541	41.3541	307319	0.0453	-0.0222	-0.0040	0.0179	0.0113	-0.0227	0.0108	6.662757	439179	0.2955638	-0.1508753	-0.01598629	-0.06255248	10.9928035294
NAPOPEN_Y_09	NAP	Ph. artvinensis	ALLOPATRIC	PhartAllo	2171	41.3541	41.3541	310637	0.0653	0.0295	0.0099	0.0611	0.0082	-0.0146	-0.0236	6.592453	429631	-0.1330906	-0.09599444	-0.06147135	-0.01552616	10.07061
NAPOPEN_Y_10	NAP	Ph. artvinensis	ALLOPATRIC	PhartAllo	2171	41.3541	41.3541	283022	0.1292	0.0316	-0.0581	-0.0067	0.0239	0.0205	-0.0214	6.399805	355074	0.03558368	-0.03911761	-0.0660984	-0.1096659	9.2081864706
NAPOPEN_Y_11	NAP	Ph. artvinensis	ALLOPATRIC	PhartAllo	2171	41.3541	41.3541	264177	0.1199	-0.0041	0.0022	0.0132	0.0233	-0.0039	-0.0233	6.189415	385647	-0.02872821	-0.07259888	-0.05057442	-0.1053617	8.9098864706
NAPOPEN_Y_12	NAP	Ph. artvinensis	ALLOPATRIC	PhartAllo	2171	41.3541	41.3541	311671	0.0724	-0.0145	0.0004	0.0158	0.0099	-0.0096	-0.0042	6.593595	410500	0.237642	-0.08198492	-0.01131688	-0.03983104	10.3450588235
NAPOPEN_Y_13	NAP	Ph. artvinensis	ALLOPATRIC	PhartAllo	2171	41.3541	41.3541	304248	0.0438	-0.0074	0.0241	0.0231	0.0307	-0.0191	0.0225	6.803054	354596	0.1377974	-0.09312056	-0.04167179	-0.03539937	9.6399976471
NAPOPEN_Y_14	NAP	Ph. artvinensis	ALLOPATRIC	PhartAllo	2171	41.3541	41.3541	302170	0.0822	0.0043	-0.0251	-0.0083	-0.0014	-0.0047	-0.0054	6.593292	349786	0.1837971	-0.1752808	0.0149636	0.0146189	9.2272811765
NAPOPEN_Y_15	NAP	Ph. artvinensis	ALLOPATRIC	PhartAllo	2171	41.3541	41.3541	297680	0.1374	0.0011	-0.0342	0.0167	0.0283	0.0290	-0.0233	6.785317	331593	0.1056711	-0.094505	-0.04151797	-0.04344267	9.2697688235
NAPOPEN_Y_16	NAP	Ph. artvinensis	ALLOPATRIC	PhartAllo	2171	41.3541	41.3541	300661	0.0574	-0.0108	-0.0302	0.0195	0.0045	-0.0060	-0.0124	6.522533	360459	0.1697259	-0.1597541	-0.04505768	0.003260408	10.0027923529
NAPOPEN_Y_17	NAP	Ph. artvinensis	ALLOPATRIC	PhartAllo	2171	41.3541	41.3541	333138	0.0360	0.0439	-0.0181	0.0369	0.0035	-0.0207	0.0147	7.030803	408773	0.7859746	-0.1242764	-0.0091201	-0.01879656	10.5816176471
NAPOPEN_Y_18	NAP	Ph. artvinensis	ALLOPATRIC	PhartAllo	2171	41.3541	41.3541	296541	0.0929	0.0568	-0.0290	-0.0105	0.0133	-0.0037	-0.0137	6.469816	380527	-0.03781729	-0.09923227	-0.09684747	-0.02819378	9.6836841176
NAPOPEN_Y_19	NAP	Ph. artvinensis	ALLOPATRIC	PhartAllo	2171	41.3541	41.3541	302100	-0.0116	0.0435	-0.0143	0.0695	0.0030	-0.0230	0.0081	6.264612	NA	NA	NA	NA	NA	NA
NAPOPEN_Y_20	NAP	Ph. artvinensis	ALLOPATRIC	PhartAllo	2171	41.3541	41.3541	318862	0.0561	0.0387	-0.0176	0.0327	-0.0071	-0.0143	-0.0105	6.869795	398440	0.143852	-0.102698	-0.06652709	-0.02836513	9.6376941176
CAMLIK_01	CAM	Ph. artvinensis	SYMPATRIC	PhartSymp	1484	40.6608	40.6608	238853	-0.0587	0.0396	0.0091	-0.0025	0.0187	0.0041	0.0064	5.680731	338232	0.6720738	0.02206355	-0.08054989	-0.004655679	10.0897223529
CAMLIK_02	CAM	Ph. artvinensis	SYMPATRIC	PhartSymp	1484	40.6608	40.6608	270245	0.1252	0.0694	0.0419	0.0266	-0.0130	0.0226	-0.0133	6.453355	NA	NA	NA	NA	NA	NA
CAMLIK_03	CAM	Ph. artvinensis	SYMPATRIC	PhartSymp	1484	40.6608	40.6608	302256	-0.0497	0.0509	0.0220	0.0090	0.0273	-0.0046	-0.0052	6.084018	432182	0.2908903	-0.1114536	-0.02895331	0.002533716	11.1845676471
CAMLIK_04	CAM	Ph. artvinensis	SYMPATRIC	PhartSymp	1484	40.6608	40.6608	306556	-0.0621	0.0099	-0.0007	-0.0196	0.0369	0.0007	-0.0034	6.259545	459121	0.1153244	0.02718914	-0.1203038	0.02414274	11.1222964706
CAMLIK_05	CAM	Ph. artvinensis	SYMPATRIC	PhartSymp	1484	40.6608	40.6608	259797	0.0264	0.0627	0.0255	-0.0146	-0.0118	0.0029	0.0074	6.119084	NA	NA	NA	NA	NA	NA
CAMLIK_06	CAM	Ph. artvinensis	SYMPATRIC	PhartSymp	1484	40.6608	40.6608	283129	-0.0047	0.0032	0.0369	-0.0226	-0.0091	0.0008	-0.0031	6.434679	381730	0.3920171	-0.1718508	0.03510893	0.01927551	10.25921
CAMLIK_07	CAM	Ph. artvinensis	SYMPATRIC	PhartSymp	1484	40.6608	40.6608	244181	0.0559	0.0649	0.0364	-0.0148	-0.0240	0.0031	-0.0007	6.031622	295709	0.3412914	-0.1199188	-0.07098172	0.0754829	9.8102058824
CAMLIK_08	CAM	Ph. artvinensis	SYMPATRIC	PhartSymp	1484	40.6608	40.6608	289891	0.0460	0.0534	0.0051	-0.0309	0.0008	-0.0031	0.0033	6.62789	381712	0.1981363	-0.02356976	-0.08555974	0.04421242	10.3267547059
CAMLIK_09	CAM	Ph. artvinensis	SYMPATRIC	PhartSymp	1484	40.6608	40.6608	305047	0.0287	0.0443	0.0449	0.0160	-0.0131	0.0029	0.0082	6.693086	334190	0.3617153	-0.1437372	0.03424829	-0.01424819	11.2056611765
CAMLIK_10	CAM	Ph. artvinensis	SYMPATRIC	PhartSymp	1484	40.6608	40.6608	303507	-0.0460	0.0049	0.0016	-0.0273	0.0141	-0.0013	0.0106	6.28785	393539	0.3753973	0.05448735	-0.08576802	0.02110668	11.2485305882
CAMLIK_11	CAM	Ph. artvinensis	SYMPATRIC	PhartSymp	1484	40.6608	40.6608	237752	0.0138	0.0707	0.0236	-0.0087	0.0023	0.0002	0.0029	5.610845	NA	NA	NA	NA	NA	NA
CAMLIK_12	CAM	Ph. artvinensis	SYMPATRIC	PhartSymp	1484	40.6608	40.6608	250314	-0.0147	0.0128	0.0242	-0.0643	-0.0190	0.0096	-0.0001	5.768396	404819	0.2625837	0.08711097	0.002923485	-0.02394092	10.4536576471
CAMLIK_13	CAM	Ph. artvinensis	SYMPATRIC	PhartSymp	1484	40.6608	40.6608	284587	0.0089	0.0854	-0.0203	-0.0215	-0.0096	-0.0109	0.0086	6.101526	440123	0.163395	-0.1057368	-0.09635105	0.03765041	10.7682052941
CAMLIK_14	CAM	Ph. artvinensis	SYMPATRIC	PhartSymp	1484	40.6608	40.6608	247015	0.0444	0.0214	-0.0024	-0.0425	0.0185	-0.0058	0.0216	5.883152	373201	0.260239	-0.05304579	-0.03648627	0.005358455	10.6576258824
CAMLIK_15	CAM	Ph. artvinensis	SYMPATRIC	PhartSymp	1484	40.6608	40.6608	322391	0.0034	0.0560	-0.0016	-0.0372	0.0054	-0.0096	0.0112	6.522533	344508	0.7208385	-0.219062	0.01060391	0.04458799	11.5129441176
CAMLIK_16	CAM	Ph. artvinensis	SYMPATRIC	PhartSymp	1484	40.6608	40.6608	321636	-0.0386	0.0178	0.0332	-0.0147	0.0027	0.0059	-0.0073	6.487467	409179	0.07960097	-0.07320602	-0.07768066	-0.05076708	10.9692770588
CAMLIK_17	CAM	Ph. artvinensis	SYMPATRIC	PhartSymp	1484	40.6608	40.6608	279352	-0.0427	0.0369	0.0369	-0.0161	0.0285	-0.0029	0.0010	5.874014	374704	0.2132446	-0.105475	0.02333756	-0.006920403	10.3912570588
CAMLIK_18	CAM	Ph. artvinensis	SYMPATRIC	PhartSymp	1484	40.6608	40.6608	278874	-0.0797	0.0236	-0.0080	-0.0288	0.0238	0.0126	-0.0028	5.488567	374775	0.07944929	-0.08966412	-0.06577217	0.04642624	10.3047382353
CAMLIK_19	CAM	Ph. artvinensis	SYMPATRIC	PhartSymp	1484	40.6608	40.6608	289700	0.0459	0.0190	0.0044	-0.0384	0.0053	-0.0041	0.0030	6.094634	358630	0.01515282	0.07293053	-0.1151267	-0.02574841	10.5826882353
CAMLIK_20	CAM	Ph. artvinensis	SYMPATRIC	PhartSymp	1484	40.6608	40.6608	286163	0.0418	0.0468	0.0456	0.0129	-0.0032	0.0029	0.0054	6.114285	388825	0.3039895	-0.008015472	-0.02144465	0.01352112	10.9052670588
ERIKLI_KOY_01	EKY	Ph. artvinensis	SYMPATRIC	PhartSymp	1802	39.9427	39.9427	311225	-0.0336	0.0056	0.0011	-0.0503	0.0096	0.0036	0.0053	6.296064	382295	0.4874808	0.1436184	-0.07982152	-0.02824633	11.15276
ERIKLI_KOY_02	EKY	Ph. artvinensis	SYMPATRIC	PhartSymp	1802	39.9427	39.9427	284791	0.0162	0.0686	0.0285	-0.0430	0.0235	0.0020	0.0004	6.487846	345508	0.3937464	0.1348366	-0.1267842	-0.04488333	10.6891758824
ERIKLI_KOY_03	EKY	Ph. artvinensis	SYMPATRIC	PhartSymp	1802	39.9427	39.9427	325077	-0.0197	-0.0080	0.0430	-0.0012	-0.0017	0.0049	-0.0021	6.855651	428249	0.5440098	0.09231713	0.02311687	0.04880233	12.0020470588
ERIKLI_KOY_04	EKY	Ph. artvinensis	SYMPATRIC	PhartSymp	1802	39.9427	39.9427	342891	-0.0288	0.0505	0.0068	-0.0118	0.0037	0.0060	0.0031	7.031327	435210	0.4274641	0.117523	-0.07082974	0.08619591	11.5080617647
ERIKLI_KOY_05	EKY	Ph. artvinensis	SYMPATRIC	PhartSymp	1802	39.9427	39.9427	274387	-0.0286	0.0040	0.0200	-0.0416	0.0174	0.0011	0.0006	5.575973	376818	0.4704779	0.1100494	-0.05308292	0.07492379	11.2058470588
ERIKLI_KOY_06	EKY	Ph. artvinensis	SYMPATRIC	PhartSymp	1802	39.9427	39.9427	300056	-0.0031	0.0124	0.0381	-0.0042	-0.0037	0.0005	-0.0004	6.365392	399797	0.5434322	0.0170272	0.02541401	0.04281229	11.3181
ERIKLI_KOY_07	EKY	Ph. artvinensis	SYMPATRIC	PhartSymp	1802	39.9427	39.9427	339121	-0.0222	0.0075	0.0256	-0.0074	0.0118	-0.0038	-0.0048	6.838726	437615	0.3630423	0.1900803	-0.06029635	0.03025175	11.5064541176
ERIKLI_KOY_08	EKY	Ph. artvinensis	SYMPATRIC	PhartSymp	1802	39.9427	39.9427	289383	-0.0602	-0.0091	0.0572	0.0052	0.0334	0.0142	-0.0023	6.48877	400913	0.3941406	0.004599428	-0.007272676	0.03120284	10.7614376471
ERIKLI_KOY_09	EKY	Ph. artvinensis	SYMPATRIC	PhartSymp	1802	39.9427	39.9427	293027	0.0203	0.0578	0.0345	0.0075	0.0033	0.0005	-0.0094	6.453355	413770	-0.04839345	0.1043808	-0.1437752	-0.04293719	10.3092935294
ERIKLI_KOY_10	EKY	Ph. artvinensis	SYMPATRIC	PhartSymp	1802	39.9427	39.9427	296330	0.0409	0.0538	0.0202	0.0210	-0.0020	-0.0071	-0.0041	6.698478	422082	0.5490679	0.137392	-0.04074186	-0.003316821	10.9063488235
ERIKLI_KOY_11	EKY	Ph. artvinensis	SYMPATRIC	PhartSymp	1802	39.9427	39.9427	317877	-0.0307	0.0378	0.0124	-0.0160	0.0153	-0.0047	-0.0162	6.330063	383899	-0.09032294	-0.06324619	-0.07593399	-0.01322855	10.2957117647
ERIKLI_KOY_12	EKY	Ph. artvinensis	SYMPATRIC	PhartSymp	1802	39.9427	39.9427	287311	-0.0124	0.0357	0.0215	-0.0105	0.0190	-0.0024	0.0040	6.224875	388019	0.4429434	0.06971433	-0.06264683	-0.002953622	9.8952758824
ERIKLI_KOY_13	EKY	Ph. artvinensis	SYMPATRIC	PhartSymp	1802	39.9427	39.9427	291115	-0.0629	0.0143	0.0141	-0.0026	0.0123	0.0080	-0.0022	6.154225	412862	0.613423	0.1372935	-0.05518438	0.02747894	11.3571858824
ERIKLI_KOY_14	EKY	Ph. artvinensis	SYMPATRIC	PhartSymp	1802	39.9427	39.9427	233460	-0.0318	0.0049	0.0027	-0.0208	0.0150	0.0029	0.0082	5.576524	327399	0.261894	-0.003802373	-0.03178726	0.03126455	9.3354052941
ERIKLI_KOY_15	EKY	Ph. artvinensis	SYMPATRIC	PhartSymp	1802	39.9427	39.9427	268597	-0.0284	0.0681	0.0495	-0.0002	-0.0038	0.0061	-0.0033	6.049333	355062	0.3004667	0.2179934	-0.03613439	0.03325015	10.6690347059
ERIKLI_KOY_16	EKY	Ph. artvinensis	SYMPATRIC	PhartSymp	1802	39.9427	39.9427	291583	0.0027	0.0243	0.0301	-0.0307	-0.0043	0.0044	-0.0008	6.575504	488565	0.3020156	0.1324381	-0.05136414	0.02433531	11.1623370588
ERIKLI_KOY_17	EKY	Ph. artvinensis	SYMPATRIC	PhartSymp	1802	39.9427	39.9427	317130	-0.0641	0.0204	0.0441	0.0169	0.0317	0.0100	-0.0062	6.768602	463408	0.0710738	0.1563563	-0.1383808	-0.006340201	10.6961623529
ERIKLI_KOY_18	EKY	Ph. artvinensis	SYMPATRIC	PhartSymp	1802	39.9427	39.9427	321065	-0.0018	0.0352	0.0171	-0.0350	0.0107	0.0030	0.0013	6.785884	433188	0.2361906	0.04470316	-0.03718017	-0.05388326	10.4109805882
KAMA_KOY_01	KAM	Ph. artvinensis	SYMPATRIC	PhartSymp	1432	40.546	40.546	274689	0.0500	-0.0051	0.0077	0.0054	-0.0018	-0.0013	0.0023	5.96204	447434	0.696337	0.0853418	-0.1171673	0.06656022	10.9508123529
KAMA_KOY_02	KAM	Ph. artvinensis	SYMPATRIC	PhartSymp	1432	40.546	40.546	306456	0.0402	-0.0128	0.0173	-0.0247	-0.0045	-0.0036	0.0096	6.152957	436551	0.611427	-0.06513482	-0.05451467	0.006355859	11.1218176471
KAMA_KOY_03	KAM	Ph. artvinensis	SYMPATRIC	PhartSymp	1432	40.546	40.546	266339	0.0322	-0.0290	0.0390	0.0059	0.0071	-0.0088	0.0014	5.940503	NA	NA	NA	NA	NA	NA
KAMA_KOY_04	KAM	Ph. artvinensis	SYMPATRIC	PhartSymp	1432	40.546	40.546	273098	0.0856	-0.0197	0.0092	-0.0475	0.0016	0.0053	-0.0024	5.99791	350152	0.2622779	-0.06552373	-0.05999061	0.03309419	9.8303658824
KAMA_KOY_05	KAM	Ph. artvinensis	SYMPATRIC	PhartSymp	1432	40.546	40.546	296316	0.0777	-0.0268	0.0082	-0.0040	-0.0094	0.0005	-0.0121	6.662749	401838	0.54167	-0.153942	-0.0470281	0.02870185	9.9584847059
KAMA_KOY_06	KAM	Ph. artvinensis	SYMPATRIC	PhartSymp	1432	40.546	40.546	254827	0.0024	-0.0290	0.0052	-0.0188	0.0017	-0.0141	0.0055	5.643569	433222	0.08467878	-0.002916119	-0.07776282	0.07723574	10.2165588235
KAMA_KOY_07	KAM	Ph. artvinensis	SYMPATRIC	PhartSymp	1432	40.546	40.546	260429	0.0295	-0.0475	0.0541	0.0352	-0.0134	-0.0051	0.0087	6.268832	417292	0.1721154	-0.09715984	-0.02750294	0.07265273	10.1735464706
KAMA_KOY_08	KAM	Ph. artvinensis	SYMPATRIC	PhartSymp	1432	40.546	40.546	298807	0.0438	0.0153	-0.0037	0.0006	-0.0097	0.0020	0.0145	6.24928	370673	0.2439239	-0.1120448	0.02585833	-0.0656561	NA
KAMA_KOY_09	KAM	Ph. artvinensis	SYMPATRIC	PhartSymp	1432	40.546	40.546	265621	0.0901	-0.0361	0.0109	-0.0082	-0.0149	0.0131	-0.0044	6.259422	389516	0.2209974	0.1028487	-0.1322905	-0.02069256	NA
KAMA_KOY_10	KAM	Ph. artvinensis	SYMPATRIC	PhartSymp	1432	40.546	40.546	271692	-0.0146	-0.0146	0.0365	-0.0026	0.0141	-0.0099	-0.0004	5.691723	NA	NA	NA	NA	NA	NA
KAMA_KOY_11	KAM	Ph. artvinensis	SYMPATRIC	PhartSymp	1432	40.546	40.546	283586	-0.0113	0.0133	-0.0084	-0.0117	0.0014	-0.0167	0.0058	5.977731	403102	0.4742124	0.07304313	-0.07320973	0.05417521	10.9700994118
KAMA_KOY_12	KAM	Ph. artvinensis	SYMPATRIC	PhartSymp	1432	40.546	40.546	239557	0.0630	0.0126	0.0587	0.0017	-0.0205	0.0156	0.0151	5.770101	NA	NA	NA	NA	NA	10.2805147059
KAMA_KOY_13	KAM	Ph. artvinensis	SYMPATRIC	PhartSymp	1432	40.546	40.546	254731	0.0911	0.0196	0.0189	-0.0227	0.0021	0.0073	0.0071	5.818354	354519	0.3359259	0.04168051	-0.06381423	0.03934612	10.3884076471
KAMA_KOY_14	KAM	Ph. artvinensis	SYMPATRIC	PhartSymp	1432	40.546	40.546	252425	-0.0190	-0.0091	0.0133	-0.0040	-0.0022	-0.0071	0.0135	5.674556	354172	0.3134443	-0.1324606	0.004106379	-0.03007211	NA
